emergency_type,emergency_severity,population_affected,emergency_duration,resource_type,daily_consumption,days_since_emergency,previous_demand,current_inventory,future_requirement
DROUGHT,CRITICAL,1645,36,HYGIENE_KITS,29.59,22,724.9,367,436.4
EPIDEMIC,MEDIUM,2900,18,CLOTHING,40.93,5,187.2,283,508.4
FIRE,HIGH,10375,34,CLOTHING,168.76,3,648.9,2811,5260.0
DROUGHT,CRITICAL,15068,41,FIRST_AID_KITS,111.19,8,756.6,3829,3812.4
LANDSLIDE,CRITICAL,17108,24,BABY_SUPPLIES,139.89,8,894.5,1192,2600.0
CYCLONE,MEDIUM,19901,44,FOOD,12260.2,13,191890.3,423267,442878.5
EPIDEMIC,HIGH,1136,24,BLANKETS,30.77,15,445.8,124,253.4
DROUGHT,MEDIUM,3884,38,BLANKETS,83.0,11,762.4,850,1965.0
DROUGHT,CRITICAL,19348,24,FIRST_AID_KITS,128.27,15,2491.1,824,1051.0
EPIDEMIC,HIGH,11883,7,HYGIENE_KITS,166.65,1,163.0,742,929.9
LANDSLIDE,CRITICAL,6995,29,BABY_SUPPLIES,62.3,3,147.8,1337,1668.9
FLOOD,HIGH,14329,39,MEDICINE,258.62,7,1577.4,4856,9460.9
FLOOD,CRITICAL,15317,45,BABY_SUPPLIES,123.13,21,2117.5,3101,3570.4
EARTHQUAKE,HIGH,8512,18,BABY_SUPPLIES,55.63,9,548.3,269,576.3
CYCLONE,HIGH,8588,26,FOOD,8827.34,3,22657.2,151575,253112.4
CYCLONE,MEDIUM,10318,21,MEDICINE,105.94,7,599.8,1325,1882.8
LANDSLIDE,LOW,7143,38,FIRST_AID_KITS,35.25,24,730.7,231,465.3
CYCLONE,MEDIUM,5379,23,CLOTHING,58.46,7,306.6,886,1079.7
LANDSLIDE,CRITICAL,1984,5,WATER,11767.04,3,29687.1,22559,27915.4
EPIDEMIC,MEDIUM,524,28,FOOD,398.98,10,3310.2,5177,6788.4
LANDSLIDE,CRITICAL,8497,26,MEDICINE,183.27,0,194.6,2162,4359.5
EARTHQUAKE,MEDIUM,11306,25,BABY_SUPPLIES,82.32,5,358.9,912,2146.1
EPIDEMIC,MEDIUM,16558,8,HYGIENE_KITS,195.47,4,959.7,411,613.8
CYCLONE,HIGH,16640,31,HYGIENE_KITS,258.25,23,5251.3,2268,2375.0
EPIDEMIC,LOW,300,20,FOOD,175.72,17,2990.2,487,481.0
DROUGHT,HIGH,10903,19,CLOTHING,141.11,4,499.5,930,1989.9
FLOOD,CRITICAL,4635,27,BLANKETS,168.39,14,2620.7,2361,2747.5
DROUGHT,HIGH,10001,5,HYGIENE_KITS,173.62,1,141.3,454,593.3
EARTHQUAKE,MEDIUM,15351,11,FOOD,12781.51,4,63270.6,102089,116737.3
EARTHQUAKE,LOW,13880,37,BLANKETS,342.78,28,10327.2,4112,3819.3
DROUGHT,MEDIUM,19858,43,BLANKETS,479.5,26,10872.0,7889,8108.8
LANDSLIDE,HIGH,5055,32,FIRST_AID_KITS,28.18,14,472.3,335,505.9
FIRE,HIGH,5610,24,FIRST_AID_KITS,36.17,9,386.4,352,545.9
CYCLONE,MEDIUM,11343,41,MEDICINE,128.45,6,810.1,2945,5743.7
DROUGHT,HIGH,7568,43,FOOD,7003.91,2,12341.9,146096,295790.0
EPIDEMIC,HIGH,5839,44,CLOTHING,100.26,36,3021.3,492,685.6
FLOOD,HIGH,19812,12,BLANKETS,505.58,9,4123.4,918,1800.0
CYCLONE,MEDIUM,1535,28,MEDICINE,18.16,4,87.6,250,489.1
FLOOD,MEDIUM,10153,26,FOOD,6740.97,19,123702.1,26286,55447.7
FLOOD,MEDIUM,9325,11,MEDICINE,100.69,5,522.5,505,733.0
FLOOD,LOW,10165,18,CLOTHING,104.34,0,96.0,1480,2067.8
DROUGHT,HIGH,8451,22,BLANKETS,249.88,17,5125.8,1089,1133.3
FLOOD,MEDIUM,8100,37,BABY_SUPPLIES,56.71,16,1097.2,769,1553.2
CYCLONE,MEDIUM,5414,32,WATER,23762.25,12,304385.1,573772,567461.0
EARTHQUAKE,MEDIUM,1007,6,MEDICINE,12.78,5,53.3,13,17.0
EARTHQUAKE,CRITICAL,9249,21,FIRST_AID_KITS,58.98,15,800.5,515,492.5
FLOOD,HIGH,9189,38,BLANKETS,322.69,22,7968.3,4346,5822.1
DROUGHT,HIGH,17996,43,BABY_SUPPLIES,117.03,3,281.2,2117,4428.0
EPIDEMIC,MEDIUM,4336,6,FOOD,3585.44,4,10416.6,4471,7561.5
FLOOD,CRITICAL,741,29,MEDICINE,13.66,9,132.6,172,303.1
FLOOD,CRITICAL,19818,33,BABY_SUPPLIES,169.88,13,2087.2,2706,4023.3
EPIDEMIC,MEDIUM,6579,30,FIRST_AID_KITS,36.12,14,451.5,318,556.2
FIRE,MEDIUM,6244,6,HYGIENE_KITS,76.36,3,246.1,240,245.6
FIRE,HIGH,18553,23,FIRST_AID_KITS,131.26,9,1110.4,1904,1919.5
FLOOD,MEDIUM,15176,23,FOOD,10785.5,16,191391.7,66807,95000.1
EARTHQUAKE,HIGH,18543,19,CLOTHING,275.01,1,227.9,6288,6199.6
EPIDEMIC,HIGH,6258,28,BABY_SUPPLIES,42.95,8,268.9,493,841.1
EPIDEMIC,HIGH,17891,6,FIRST_AID_KITS,89.7,0,75.5,493,524.2
FLOOD,CRITICAL,19058,32,FOOD,20333.33,27,493484.1,51890,101989.9
EARTHQUAKE,HIGH,10213,6,BLANKETS,330.18,3,1022.5,1208,1327.9
FLOOD,MEDIUM,6043,34,FOOD,4175.53,1,4418.1,102118,154288.2
EPIDEMIC,HIGH,1177,42,BLANKETS,29.82,14,431.1,605,738.2
EARTHQUAKE,LOW,4082,10,BABY_SUPPLIES,17.93,7,108.5,60,79.0
CYCLONE,LOW,14824,36,CLOTHING,174.21,10,1309.8,2723,5709.0
CYCLONE,HIGH,18565,39,CLOTHING,295.67,2,572.6,12312,14809.1
FLOOD,CRITICAL,15316,42,MEDICINE,261.58,27,7761.5,3471,4325.1
FLOOD,CRITICAL,9212,41,BLANKETS,384.86,13,3563.0,9715,13116.1
EARTHQUAKE,HIGH,367,45,FOOD,291.1,19,5632.0,9744,9557.8
FIRE,LOW,5246,10,MEDICINE,64.46,0,83.4,365,609.1
DROUGHT,MEDIUM,5500,33,WATER,19586.26,1,22827.8,606277,615751.8
CYCLONE,HIGH,15128,21,FIRST_AID_KITS,83.54,12,1183.3,467,968.1
FLOOD,HIGH,14864,45,CLOTHING,185.21,12,2529.0,6693,6745.8
EARTHQUAKE,HIGH,3911,19,MEDICINE,58.16,16,1195.3,149,234.6
EARTHQUAKE,HIGH,5701,14,FOOD,5040.58,10,46534.7,18499,26341.0
EPIDEMIC,HIGH,10509,9,WATER,56505.29,3,210398.5,178757,304882.6
EARTHQUAKE,MEDIUM,4883,25,BABY_SUPPLIES,28.11,2,52.8,669,865.6
CYCLONE,CRITICAL,16787,8,MEDICINE,260.32,5,1123.9,870,1010.5
CYCLONE,MEDIUM,10936,16,FOOD,8391.32,9,57806.9,65347,64430.9
FLOOD,CRITICAL,12393,27,FIRST_AID_KITS,83.45,17,1499.9,585,1008.5
EARTHQUAKE,MEDIUM,6292,32,CLOTHING,80.38,4,231.1,1461,2519.1
FLOOD,CRITICAL,15452,8,CLOTHING,281.77,4,1321.0,621,1224.0
CYCLONE,LOW,5288,29,FOOD,3616.66,2,8820.4,86665,124561.5
FIRE,CRITICAL,16705,7,BABY_SUPPLIES,141.56,0,154.1,826,907.4
DROUGHT,MEDIUM,12087,22,WATER,46933.61,8,316408.1,723797,669733.8
FLOOD,HIGH,2589,13,CLOTHING,43.48,6,243.3,151,329.2
LANDSLIDE,MEDIUM,15158,8,BABY_SUPPLIES,94.46,5,521.6,227,332.0
FIRE,MEDIUM,11290,14,MEDICINE,131.59,5,469.5,835,1253.7
CYCLONE,MEDIUM,15513,20,WATER,56680.27,15,667724.6,387114,373856.8
FLOOD,HIGH,15727,6,WATER,61700.59,5,309198.3,44820,74209.4
EARTHQUAKE,MEDIUM,10793,39,WATER,37680.01,32,1190508.7,345001,323508.2
FIRE,LOW,796,26,BLANKETS,18.81,4,59.5,434,456.4
FLOOD,MEDIUM,10088,33,FOOD,7974.23,21,210300.7,108117,108349.5
FLOOD,CRITICAL,17926,25,WATER,114424.5,2,166587.6,1775560,2983117.6
DROUGHT,CRITICAL,1490,8,HYGIENE_KITS,25.54,5,162.6,30,72.5
LANDSLIDE,HIGH,15280,6,BABY_SUPPLIES,118.83,5,626.9,61,129.5
DROUGHT,CRITICAL,17466,27,HYGIENE_KITS,314.68,12,4233.6,4098,3951.9
LANDSLIDE,HIGH,4809,39,CLOTHING,62.77,19,1157.2,845,1219.7
DROUGHT,MEDIUM,4358,27,HYGIENE_KITS,63.12,7,325.9,1005,1243.3
DROUGHT,MEDIUM,266,7,WATER,935.63,5,4756.7,790,1814.9
EARTHQUAKE,LOW,957,29,BLANKETS,17.67,21,406.3,165,224.6
DROUGHT,CRITICAL,3851,12,BLANKETS,133.1,3,458.3,750,1111.5
DROUGHT,MEDIUM,17981,17,FOOD,14320.57,7,111208.1,133711,143399.6
FLOOD,MEDIUM,3062,28,FIRST_AID_KITS,12.77,5,63.6,275,400.2
LANDSLIDE,LOW,14561,45,FOOD,9656.69,38,275533.0,35065,65742.8
EARTHQUAKE,MEDIUM,19602,21,FOOD,13814.43,5,70577.4,267441,324218.5
FLOOD,HIGH,6039,36,BLANKETS,150.27,3,504.9,3302,5991.5
LANDSLIDE,LOW,11092,15,FIRST_AID_KITS,54.47,5,250.1,613,688.0
EPIDEMIC,HIGH,8819,8,WATER,44035.77,7,335779.7,26447,39538.4
FLOOD,HIGH,4642,34,BABY_SUPPLIES,41.2,2,62.9,763,1592.5
DROUGHT,HIGH,2970,12,WATER,11798.95,2,24584.0,65035,124749.3
FIRE,CRITICAL,17470,25,BABY_SUPPLIES,187.83,17,3005.7,1383,1401.6
FLOOD,HIGH,15905,28,MEDICINE,220.74,2,524.9,6454,7225.7
FLOOD,MEDIUM,10108,5,BLANKETS,224.1,2,546.2,375,697.1
EARTHQUAKE,LOW,7157,13,FIRST_AID_KITS,31.85,0,29.4,249,517.4
CYCLONE,MEDIUM,11508,22,FIRST_AID_KITS,65.16,10,699.5,795,972.5
CYCLONE,HIGH,212,43,HYGIENE_KITS,3.68,26,100.8,31,76.6
EARTHQUAKE,MEDIUM,14012,39,HYGIENE_KITS,196.61,14,2192.6,5025,6665.3
FLOOD,CRITICAL,14999,43,FIRST_AID_KITS,97.44,9,616.1,3057,3629.6
CYCLONE,MEDIUM,12190,16,BLANKETS,342.08,10,4392.1,1721,2326.1
FIRE,HIGH,935,14,HYGIENE_KITS,13.91,8,81.4,62,88.4
EARTHQUAKE,LOW,19581,15,WATER,62119.59,2,112667.5,729539,1001230.8
FLOOD,LOW,6838,38,BABY_SUPPLIES,42.61,5,166.6,1553,1712.3
CYCLONE,MEDIUM,4268,39,MEDICINE,62.68,1,72.6,1793,3129.6
EPIDEMIC,MEDIUM,3130,26,HYGIENE_KITS,37.89,17,646.5,151,368.8
DROUGHT,HIGH,3148,39,FOOD,2949.93,10,35944.4,48163,77918.4
FLOOD,MEDIUM,6932,7,CLOTHING,90.8,4,345.1,183,329.5
CYCLONE,CRITICAL,934,11,WATER,5587.4,7,47441.3,12361,25968.2
DROUGHT,MEDIUM,8375,24,CLOTHING,93.05,15,1002.0,586,868.1
EARTHQUAKE,MEDIUM,7121,26,HYGIENE_KITS,91.91,9,981.5,803,1743.9
FIRE,MEDIUM,2792,11,MEDICINE,28.89,9,267.7,42,59.1
FLOOD,MEDIUM,3230,34,WATER,11200.72,0,9870.4,350315,486456.4
EPIDEMIC,MEDIUM,8993,30,FOOD,6309.37,2,11863.2,78181,154238.4
CYCLONE,HIGH,5803,45,CLOTHING,77.28,4,334.3,3123,3688.4
DROUGHT,CRITICAL,308,40,WATER,2017.55,7,17828.9,48623,65185.7
CYCLONE,HIGH,2798,14,MEDICINE,45.92,11,457.3,149,181.7
EARTHQUAKE,HIGH,5903,21,WATER,29139.46,1,35773.4,392494,708844.4
FLOOD,HIGH,9122,26,FOOD,8289.01,14,112928.9,66004,98569.2
EARTHQUAKE,CRITICAL,15077,14,MEDICINE,266.05,5,1383.7,3019,2820.8
LANDSLIDE,MEDIUM,677,15,FIRST_AID_KITS,3.7,11,34.5,17,16.8
EPIDEMIC,MEDIUM,6567,6,BABY_SUPPLIES,43.14,0,45.2,131,273.2
LANDSLIDE,HIGH,14251,7,FIRST_AID_KITS,74.81,5,330.0,123,171.9
CYCLONE,HIGH,14130,21,BLANKETS,418.36,0,490.5,6645,11149.5
EARTHQUAKE,HIGH,1353,36,HYGIENE_KITS,19.11,3,51.8,981,942.8
EPIDEMIC,LOW,10606,37,FOOD,7154.8,10,69255.5,89459,197671.5
FIRE,MEDIUM,13068,41,CLOTHING,148.75,25,3441.2,2530,2562.8
LANDSLIDE,HIGH,8998,39,HYGIENE_KITS,117.1,11,1413.5,2622,3613.8
DROUGHT,MEDIUM,19755,31,MEDICINE,224.64,25,5464.4,1132,1127.7
FIRE,HIGH,17032,15,WATER,78878.77,7,652955.5,461193,643901.0
DROUGHT,CRITICAL,6728,39,FOOD,6532.46,0,6762.0,219096,221010.8
FLOOD,HIGH,14510,28,HYGIENE_KITS,250.87,21,5977.5,1118,2184.5
DROUGHT,MEDIUM,16877,26,CLOTHING,235.58,6,1193.6,4713,4399.9
FIRE,CRITICAL,850,14,CLOTHING,15.63,1,11.1,209,196.1
CYCLONE,HIGH,7094,38,BABY_SUPPLIES,54.23,5,226.8,969,2119.5
LANDSLIDE,HIGH,6809,28,BABY_SUPPLIES,56.25,20,917.2,345,427.0
FIRE,CRITICAL,8668,14,MEDICINE,158.28,4,598.1,773,1590.6
FLOOD,LOW,6087,40,MEDICINE,63.75,9,437.1,2391,2375.9
DROUGHT,HIGH,7910,35,BABY_SUPPLIES,52.35,28,1688.6,206,386.0
CYCLONE,MEDIUM,13970,13,WATER,57437.76,4,206478.9,461211,566766.3
EARTHQUAKE,LOW,18210,21,WATER,57368.4,11,798094.6,452544,764629.1
FLOOD,CRITICAL,2052,29,FOOD,2691.75,11,25955.3,51155,50142.6
EPIDEMIC,MEDIUM,12050,26,MEDICINE,177.81,8,1490.1,1754,2984.3
DROUGHT,HIGH,8708,14,FOOD,7001.78,3,18374.6,74269,73057.2
EARTHQUAKE,CRITICAL,17607,29,FOOD,22443.18,23,488327.9,167035,156357.2
FIRE,CRITICAL,9434,32,FOOD,9176.19,27,289252.3,30937,42354.5
FLOOD,CRITICAL,10250,20,WATER,50857.43,11,497613.9,481099,516761.7
FIRE,HIGH,15313,36,BABY_SUPPLIES,96.73,0,124.0,1502,3371.6
CYCLONE,CRITICAL,17274,15,FOOD,17663.01,12,240660.3,57249,66828.0
LANDSLIDE,LOW,12227,11,BLANKETS,249.47,0,204.1,1611,2961.8
FIRE,LOW,7162,31,WATER,23258.57,13,377885.6,443236,457144.7
FIRE,CRITICAL,6625,19,BABY_SUPPLIES,59.53,15,1096.0,245,270.0
FLOOD,MEDIUM,12108,16,MEDICINE,171.15,13,2019.9,539,543.1
FIRE,MEDIUM,11033,8,FIRST_AID_KITS,52.31,6,274.0,74,106.2
EARTHQUAKE,HIGH,10123,38,CLOTHING,158.77,28,4396.2,2088,2168.0
EPIDEMIC,LOW,2436,36,CLOTHING,25.0,8,259.7,532,674.1
FIRE,CRITICAL,14315,43,FOOD,13146.47,26,335044.2,244957,236547.3
CYCLONE,MEDIUM,10035,41,BLANKETS,231.59,28,4755.0,2690,3815.8
FIRE,MEDIUM,7650,33,WATER,24322.63,26,569506.2,71100,173841.4
FLOOD,HIGH,1367,7,HYGIENE_KITS,16.99,1,12.5,133,127.9
FIRE,HIGH,12413,37,WATER,49822.18,27,1683763.9,439046,492361.5
FLOOD,HIGH,3424,20,FOOD,3365.45,16,47732.5,10813,15999.7
DROUGHT,MEDIUM,17385,12,BLANKETS,498.6,4,2001.3,2851,3982.8
EPIDEMIC,HIGH,1991,15,HYGIENE_KITS,30.07,11,327.8,64,109.7
LANDSLIDE,HIGH,11136,35,BLANKETS,358.33,19,6541.2,5262,6424.6
EPIDEMIC,HIGH,9855,40,HYGIENE_KITS,168.32,33,7007.8,1135,1177.2
LANDSLIDE,MEDIUM,14517,19,CLOTHING,190.21,8,1330.4,1114,2155.3
DROUGHT,HIGH,3026,7,BLANKETS,82.06,2,156.3,268,412.0
EPIDEMIC,HIGH,1802,12,HYGIENE_KITS,28.6,0,28.0,317,329.9
FIRE,HIGH,5856,14,WATER,21986.34,7,186375.9,165659,159035.4
FIRE,HIGH,1892,25,HYGIENE_KITS,27.22,2,47.9,569,647.2
DROUGHT,MEDIUM,15167,26,FOOD,11966.08,20,191452.9,64401,66670.9
DROUGHT,MEDIUM,13704,42,FIRST_AID_KITS,59.47,33,1697.5,430,478.5
FLOOD,MEDIUM,13148,27,HYGIENE_KITS,153.88,22,2519.4,508,858.6
CYCLONE,HIGH,3980,30,HYGIENE_KITS,65.34,16,866.7,805,1121.6
FLOOD,HIGH,4411,14,WATER,17108.92,7,129327.1,73527,143634.7
CYCLONE,MEDIUM,4206,16,MEDICINE,52.18,6,335.9,226,562.8
FLOOD,MEDIUM,14782,39,BLANKETS,307.07,5,1558.3,5489,11190.5
CYCLONE,HIGH,8038,15,BABY_SUPPLIES,57.47,9,432.0,297,404.1
EPIDEMIC,HIGH,7322,44,CLOTHING,125.75,10,1476.8,2503,3467.0
FLOOD,MEDIUM,4062,8,CLOTHING,45.35,5,241.5,188,176.2
FLOOD,CRITICAL,14223,37,FOOD,16163.96,16,216383.0,344343,445615.4
FIRE,MEDIUM,1501,41,FOOD,980.19,30,28905.0,12488,12563.0
DROUGHT,MEDIUM,4115,42,WATER,18089.96,9,116358.4,620672,567633.7
CYCLONE,MEDIUM,2140,33,FIRST_AID_KITS,11.1,1,9.3,364,488.8
DROUGHT,LOW,1315,9,MEDICINE,15.73,1,17.3,90,126.3
EPIDEMIC,MEDIUM,18613,35,CLOTHING,270.88,6,1446.9,7288,6988.6
FIRE,LOW,8354,35,BABY_SUPPLIES,36.37,6,167.1,652,955.8
FLOOD,HIGH,2078,12,WATER,8984.82,6,67028.8,33838,59462.8
EPIDEMIC,CRITICAL,1468,37,FIRST_AID_KITS,9.0,0,10.4,250,303.2
CYCLONE,LOW,16505,40,BLANKETS,358.93,11,4054.6,12603,11654.8
EARTHQUAKE,MEDIUM,14788,19,FIRST_AID_KITS,73.98,2,138.6,1606,1751.4
FLOOD,HIGH,16977,9,CLOTHING,262.6,4,1327.4,996,1536.0
FLOOD,MEDIUM,19428,29,WATER,86725.55,12,784727.1,1077187,1654870.6
FIRE,CRITICAL,15428,25,FIRST_AID_KITS,110.19,12,1552.7,606,1218.5
EARTHQUAKE,MEDIUM,13649,9,BABY_SUPPLIES,95.49,4,418.8,651,672.3
LANDSLIDE,CRITICAL,14330,43,WATER,65705.49,9,470854.9,1740139,2261473.3
FLOOD,CRITICAL,13847,42,BABY_SUPPLIES,134.14,29,3275.9,1286,1914.5
FLOOD,CRITICAL,11089,41,FIRST_AID_KITS,77.37,31,1875.5,806,807.2
FIRE,MEDIUM,923,27,WATER,3028.43,13,32347.4,19528,46205.4
FLOOD,LOW,4919,13,CLOTHING,47.38,7,276.1,302,353.3
FLOOD,HIGH,5917,30,BABY_SUPPLIES,39.92,13,535.3,463,709.0
EARTHQUAKE,MEDIUM,18385,29,BABY_SUPPLIES,98.25,1,86.4,2769,3604.9
EPIDEMIC,CRITICAL,19483,44,HYGIENE_KITS,324.59,12,4283.5,5508,9208.3
EARTHQUAKE,HIGH,6355,13,BABY_SUPPLIES,51.8,8,519.3,382,373.9
CYCLONE,MEDIUM,17159,33,HYGIENE_KITS,214.11,7,1270.3,4309,6316.5
CYCLONE,MEDIUM,14562,34,HYGIENE_KITS,163.29,29,3453.1,470,1093.1
FLOOD,HIGH,2859,24,FOOD,2288.16,14,33657.8,16521,28352.9
FIRE,HIGH,5140,24,FIRST_AID_KITS,27.05,7,237.0,468,460.9
CYCLONE,LOW,2376,6,BABY_SUPPLIES,14.09,4,70.5,16,33.5
FLOOD,HIGH,12102,26,FIRST_AID_KITS,79.08,18,999.6,547,753.9
FLOOD,MEDIUM,18857,29,BLANKETS,447.29,6,1943.8,6075,13607.6
CYCLONE,MEDIUM,13021,18,HYGIENE_KITS,145.78,10,1645.5,1050,1477.4
DROUGHT,MEDIUM,2001,17,BLANKETS,44.51,2,103.7,499,646.3
EARTHQUAKE,MEDIUM,5698,34,CLOTHING,77.73,12,806.8,1602,2508.3
EPIDEMIC,MEDIUM,9932,6,MEDICINE,125.9,4,572.2,236,263.5
EPIDEMIC,MEDIUM,5287,5,WATER,18388.43,4,80107.9,8428,15512.1
EARTHQUAKE,CRITICAL,2368,41,HYGIENE_KITS,47.96,14,556.8,1486,1711.4
FLOOD,LOW,17201,11,FOOD,12692.7,9,93787.8,27715,30283.8
LANDSLIDE,HIGH,18811,40,FIRST_AID_KITS,96.55,32,2734.8,463,909.9
LANDSLIDE,MEDIUM,14647,41,WATER,56916.44,20,1243492.0,1046559,1145980.8
FLOOD,HIGH,11746,11,BABY_SUPPLIES,79.28,0,59.1,725,1164.0
EPIDEMIC,LOW,5335,26,FIRST_AID_KITS,22.73,21,567.5,77,100.0
FLOOD,LOW,10842,33,CLOTHING,130.63,20,2261.1,1785,1939.9
FIRE,MEDIUM,7396,35,WATER,31496.16,25,681956.4,339519,345584.5
FLOOD,MEDIUM,5255,17,CLOTHING,70.05,10,565.6,525,541.7
FIRE,HIGH,13079,10,WATER,49047.1,4,174374.7,273789,283504.8
LANDSLIDE,MEDIUM,12595,37,BABY_SUPPLIES,74.0,30,2194.6,256,486.7
FLOOD,MEDIUM,10322,37,FOOD,7622.2,29,255036.9,45324,72811.2
FIRE,MEDIUM,7583,31,FOOD,5029.13,22,82200.9,35449,41824.0
CYCLONE,HIGH,16961,39,WATER,67391.86,22,1170361.2,661134,1251929.8
LANDSLIDE,HIGH,650,30,BLANKETS,16.64,7,92.4,238,435.5
CYCLONE,HIGH,10813,13,BABY_SUPPLIES,80.77,1,74.2,858,1209.3
CYCLONE,MEDIUM,7786,15,FIRST_AID_KITS,44.81,7,334.2,250,459.4
LANDSLIDE,MEDIUM,12320,8,FIRST_AID_KITS,58.02,6,312.8,72,139.0
FLOOD,MEDIUM,8405,29,WATER,32546.37,19,683374.4,305930,434791.3
LANDSLIDE,LOW,14611,38,BABY_SUPPLIES,86.52,1,79.0,2953,3279.2
DROUGHT,LOW,17243,24,FOOD,10905.16,2,19759.2,213213,241693.1
FIRE,CRITICAL,9176,25,HYGIENE_KITS,179.43,21,3976.5,333,824.3
EARTHQUAKE,CRITICAL,17010,27,BLANKETS,630.36,18,12421.4,4003,7510.1
FLOOD,CRITICAL,11381,30,HYGIENE_KITS,245.7,15,3751.4,3673,4664.3
FIRE,LOW,19307,43,BABY_SUPPLIES,120.25,3,342.4,4730,5298.2
FLOOD,MEDIUM,7972,34,BABY_SUPPLIES,44.68,12,688.5,709,1176.8
FLOOD,HIGH,5516,21,FOOD,5204.16,16,104056.5,20843,27924.4
CYCLONE,HIGH,5377,23,BABY_SUPPLIES,40.53,3,120.0,469,1139.4
FIRE,MEDIUM,7139,40,WATER,24474.81,28,490204.4,145644,323368.6
EPIDEMIC,HIGH,10748,45,WATER,52060.52,12,545445.7,806082,1472502.9
FLOOD,CRITICAL,18348,34,FOOD,20206.25,21,528538.9,353984,339231.7
CYCLONE,HIGH,15373,18,FOOD,11578.68,5,52609.0,162217,212036.7
FIRE,HIGH,3863,26,FIRST_AID_KITS,21.92,10,153.7,355,350.6
EPIDEMIC,CRITICAL,11797,7,FIRST_AID_KITS,100.54,1,88.9,271,564.4
FIRE,MEDIUM,17318,13,FIRST_AID_KITS,87.93,1,108.7,951,1119.1
FLOOD,MEDIUM,15783,11,FOOD,11873.06,3,30094.4,87319,110951.5
CYCLONE,HIGH,583,38,BLANKETS,20.51,17,330.8,225,503.2
EPIDEMIC,MEDIUM,11830,29,FIRST_AID_KITS,51.94,2,89.6,750,1165.0
FLOOD,HIGH,18596,20,BABY_SUPPLIES,150.37,16,2037.2,455,705.8
LANDSLIDE,MEDIUM,3922,43,HYGIENE_KITS,44.99,29,1426.8,526,666.1
CYCLONE,HIGH,2155,12,FIRST_AID_KITS,15.29,1,18.5,229,209.7
CYCLONE,LOW,17401,28,FIRST_AID_KITS,70.74,9,709.7,1362,1697.0
DROUGHT,MEDIUM,13902,7,WATER,48446.49,6,290474.7,38683,45197.6
EPIDEMIC,HIGH,10735,22,BLANKETS,268.49,11,3661.5,2161,2548.2
LANDSLIDE,MEDIUM,6392,26,CLOTHING,89.64,3,254.6,1891,1822.7
EPIDEMIC,CRITICAL,19005,30,WATER,112556.18,19,1802210.2,1223293,1130783.5
EPIDEMIC,CRITICAL,992,6,FIRST_AID_KITS,7.1,1,5.6,24,33.7
LANDSLIDE,HIGH,1108,32,WATER,4364.52,19,88159.0,56105,66275.6
FLOOD,LOW,9131,44,BLANKETS,222.77,11,2346.2,5063,9082.0
EARTHQUAKE,MEDIUM,5348,34,MEDICINE,59.34,14,715.5,1597,1680.4
CYCLONE,MEDIUM,6174,28,HYGIENE_KITS,83.85,16,1600.3,1017,1374.4
EPIDEMIC,MEDIUM,11179,15,BABY_SUPPLIES,67.87,11,741.2,264,271.7
FLOOD,MEDIUM,19357,39,CLOTHING,222.89,24,5372.9,3505,3920.0
FLOOD,LOW,4123,14,CLOTHING,39.15,7,325.6,146,342.9
EARTHQUAKE,CRITICAL,18262,16,HYGIENE_KITS,301.85,12,3209.3,1782,1805.4
FLOOD,HIGH,14263,36,BABY_SUPPLIES,101.05,3,379.6,2086,4009.8
EPIDEMIC,LOW,5808,21,WATER,18437.07,17,251700.7,37249,62857.9
FLOOD,HIGH,6594,12,WATER,33453.16,1,33365.9,206495,428824.9
FLOOD,LOW,1479,38,MEDICINE,15.58,12,175.5,304,480.8
EPIDEMIC,LOW,17911,23,WATER,49630.79,8,451763.0,594408,684300.7
FIRE,CRITICAL,1695,12,FOOD,1556.09,4,4845.0,8266,12618.2
FLOOD,CRITICAL,5928,36,BLANKETS,247.08,14,2658.5,5629,6631.9
FIRE,LOW,5640,27,FOOD,3070.44,22,86902.9,13660,15270.4
CYCLONE,MEDIUM,7424,7,WATER,23703.73,4,123039.1,83889,102275.8
DROUGHT,CRITICAL,11815,10,BABY_SUPPLIES,95.0,6,631.9,247,339.7
CYCLONE,HIGH,19623,24,WATER,85578.92,3,261915.6,2034594,1873748.3
FIRE,MEDIUM,8958,12,MEDICINE,125.7,5,710.2,802,808.7
FLOOD,LOW,16576,8,WATER,58982.4,5,361179.7,126873,215153.2
FLOOD,MEDIUM,6639,37,FIRST_AID_KITS,30.07,7,264.7,442,1026.4
CYCLONE,LOW,15320,32,WATER,49279.39,12,560120.3,901503,1279888.6
LANDSLIDE,MEDIUM,7855,32,BLANKETS,207.13,14,2910.9,2193,4345.3
FIRE,MEDIUM,6249,42,BLANKETS,140.63,17,2666.1,1758,3489.4
EPIDEMIC,LOW,17719,15,MEDICINE,173.82,11,1398.4,593,566.4
FIRE,HIGH,2413,13,CLOTHING,37.38,1,42.8,286,472.0
EARTHQUAKE,MEDIUM,2307,13,HYGIENE_KITS,25.49,3,95.4,289,342.5
DROUGHT,HIGH,15231,9,FIRST_AID_KITS,103.92,3,382.5,648,635.2
FIRE,MEDIUM,3749,18,MEDICINE,44.3,4,128.0,369,684.9
EPIDEMIC,MEDIUM,17095,34,FOOD,12186.78,19,247442.8,110882,164148.8
EPIDEMIC,CRITICAL,10506,41,BLANKETS,329.25,2,747.9,11767,13462.4
FLOOD,HIGH,6769,23,HYGIENE_KITS,119.93,15,1807.3,526,1061.7
EPIDEMIC,HIGH,9286,42,CLOTHING,155.28,26,4011.2,1421,2056.1
DROUGHT,HIGH,748,28,BABY_SUPPLIES,6.2,22,157.5,29,36.3
FIRE,MEDIUM,17407,24,CLOTHING,244.04,11,2181.7,3202,3208.8
EPIDEMIC,MEDIUM,14378,9,HYGIENE_KITS,152.06,5,568.3,255,592.8
DROUGHT,HIGH,16562,27,CLOTHING,253.29,18,4594.7,1884,2310.0
FLOOD,LOW,11478,14,CLOTHING,119.39,10,1098.2,257,581.3
FLOOD,MEDIUM,1931,38,FOOD,1425.1,5,5446.9,25458,59934.1
FLOOD,MEDIUM,3139,31,CLOTHING,33.8,21,809.2,330,396.1
EPIDEMIC,HIGH,12307,23,BLANKETS,358.04,2,924.0,5931,8274.6
FLOOD,CRITICAL,2961,17,MEDICINE,58.44,8,544.7,269,552.1
DROUGHT,HIGH,9011,37,WATER,36768.34,19,603505.2,642289,591816.6
LANDSLIDE,MEDIUM,8605,9,FOOD,5919.4,6,40757.4,17023,18220.9
FIRE,CRITICAL,6640,43,CLOTHING,136.15,23,3849.3,1315,3145.1
CYCLONE,MEDIUM,4002,11,FOOD,3285.71,3,12285.9,18399,31335.2
DROUGHT,MEDIUM,8411,14,HYGIENE_KITS,96.28,7,593.7,551,611.8
FLOOD,LOW,14847,8,HYGIENE_KITS,155.76,5,606.5,358,477.5
LANDSLIDE,CRITICAL,17408,20,HYGIENE_KITS,277.98,6,1555.3,1725,4221.7
FIRE,HIGH,3252,32,BLANKETS,97.24,0,97.3,2761,3369.0
FIRE,CRITICAL,12367,22,FIRST_AID_KITS,92.18,0,113.4,1347,2029.4
FIRE,CRITICAL,706,25,CLOTHING,10.52,20,162.0,42,53.8
FIRE,MEDIUM,19429,9,MEDICINE,217.51,1,161.4,1940,1876.7
CYCLONE,HIGH,919,16,FIRST_AID_KITS,6.56,4,28.3,48,99.1
CYCLONE,CRITICAL,2450,38,WATER,12094.76,5,48261.6,228359,451141.1
CYCLONE,MEDIUM,7666,42,BLANKETS,177.24,9,1560.4,3751,8294.8
EPIDEMIC,MEDIUM,10915,42,CLOTHING,134.96,2,288.3,3182,4558.5
CYCLONE,HIGH,10455,23,CLOTHING,166.92,15,3162.7,1691,1713.9
FLOOD,MEDIUM,16873,24,FIRST_AID_KITS,91.21,12,1280.4,873,1235.0
EARTHQUAKE,LOW,180,24,HYGIENE_KITS,1.59,12,18.1,22,28.6
EPIDEMIC,HIGH,16910,23,CLOTHING,291.0,18,3837.2,1264,1462.0
FIRE,LOW,209,38,MEDICINE,2.28,3,6.6,52,81.5
FLOOD,MEDIUM,1181,20,BABY_SUPPLIES,6.23,5,25.7,125,117.9
LANDSLIDE,MEDIUM,13842,23,FOOD,10378.89,9,84647.0,115927,146637.7
FLOOD,MEDIUM,2745,33,FIRST_AID_KITS,12.14,21,278.1,107,150.4
FIRE,MEDIUM,2298,27,BABY_SUPPLIES,11.94,0,13.3,341,328.1
CYCLONE,LOW,8982,7,MEDICINE,95.84,4,293.0,171,372.0
DROUGHT,MEDIUM,2662,38,CLOTHING,35.16,9,341.1,910,1005.8
FLOOD,CRITICAL,10012,16,BLANKETS,395.25,2,990.6,4877,6737.0
FLOOD,CRITICAL,9008,16,WATER,49172.63,7,350714.9,340821,526841.4
LANDSLIDE,CRITICAL,2568,26,BLANKETS,111.43,17,2459.1,814,1085.7
FIRE,MEDIUM,1255,12,CLOTHING,15.96,1,17.6,144,191.8
FLOOD,MEDIUM,5365,11,WATER,22598.92,8,232885.8,66402,68856.9
FIRE,MEDIUM,6003,43,MEDICINE,63.97,20,1039.5,1547,1455.2
LANDSLIDE,MEDIUM,19535,10,BABY_SUPPLIES,134.85,8,1192.6,335,308.5
EARTHQUAKE,CRITICAL,592,32,FIRST_AID_KITS,4.98,6,32.7,143,172.3
FLOOD,HIGH,14150,27,HYGIENE_KITS,211.22,11,1801.1,2548,3740.6
CYCLONE,HIGH,16736,12,FIRST_AID_KITS,98.15,8,811.4,296,478.5
CYCLONE,MEDIUM,15331,5,HYGIENE_KITS,226.5,3,529.6,273,554.3
FLOOD,LOW,14800,42,WATER,44488.77,33,1901429.0,454991,473819.1
EARTHQUAKE,LOW,18251,21,BABY_SUPPLIES,105.6,5,472.2,2485,2270.3
DROUGHT,MEDIUM,982,43,MEDICINE,11.66,6,76.0,362,414.6
FLOOD,HIGH,10707,29,BABY_SUPPLIES,72.31,24,1533.9,280,440.9
CYCLONE,MEDIUM,18904,42,MEDICINE,255.03,22,5073.3,4001,6156.3
FLOOD,MEDIUM,19665,18,WATER,77594.06,2,135484.2,1482093,1376488.6
FLOOD,CRITICAL,2092,37,BABY_SUPPLIES,20.39,28,442.7,173,191.2
DROUGHT,LOW,2748,16,BLANKETS,64.34,12,678.8,175,277.0
CYCLONE,MEDIUM,10156,8,CLOTHING,142.56,4,590.0,302,646.7
EARTHQUAKE,HIGH,16668,41,HYGIENE_KITS,298.16,16,3822.0,10648,10396.6
FLOOD,MEDIUM,6273,26,BABY_SUPPLIES,35.83,20,814.9,214,241.3
FLOOD,MEDIUM,15225,45,FIRST_AID_KITS,85.36,7,481.3,4306,4124.9
FIRE,HIGH,6452,30,FIRST_AID_KITS,36.1,25,1063.9,181,185.1
CYCLONE,LOW,19827,28,CLOTHING,228.83,8,2030.1,4046,5804.2
EPIDEMIC,CRITICAL,6365,32,CLOTHING,99.39,14,1614.3,1028,1751.8
FLOOD,CRITICAL,8018,39,HYGIENE_KITS,139.44,1,171.3,4446,7408.7
DROUGHT,HIGH,2016,41,BLANKETS,68.15,8,419.3,2300,2282.2
EPIDEMIC,HIGH,14709,38,BLANKETS,365.99,20,5464.5,6183,6459.4
EPIDEMIC,MEDIUM,7935,17,HYGIENE_KITS,89.26,2,193.0,1303,1339.4
DROUGHT,LOW,519,9,BABY_SUPPLIES,2.96,2,5.7,12,21.0
LANDSLIDE,HIGH,7051,33,CLOTHING,125.17,17,1738.7,1136,2448.4
EARTHQUAKE,CRITICAL,11551,9,HYGIENE_KITS,248.81,4,890.6,1674,1544.6
DROUGHT,LOW,14473,17,FIRST_AID_KITS,54.34,4,245.3,444,716.2
FLOOD,MEDIUM,11752,20,FIRST_AID_KITS,50.75,3,136.9,607,1013.0
DROUGHT,CRITICAL,811,10,MEDICINE,17.74,7,136.1,55,52.8
EARTHQUAKE,MEDIUM,17058,40,BABY_SUPPLIES,114.03,9,1030.3,3270,4915.5
FLOOD,CRITICAL,873,25,CLOTHING,16.27,2,37.3,384,462.2
CYCLONE,MEDIUM,2708,6,HYGIENE_KITS,28.79,1,26.3,118,148.9
DROUGHT,HIGH,5966,22,BABY_SUPPLIES,40.15,6,191.6,569,632.0
DROUGHT,MEDIUM,8459,32,CLOTHING,89.14,22,1961.1,852,902.5
EARTHQUAKE,MEDIUM,2100,29,HYGIENE_KITS,22.01,3,63.6,335,825.3
LANDSLIDE,LOW,12269,40,HYGIENE_KITS,143.88,23,2977.3,1514,2565.3
EPIDEMIC,LOW,10600,5,WATER,28853.31,3,97436.0,27466,46317.4
FLOOD,LOW,1041,6,HYGIENE_KITS,11.43,4,56.0,20,25.4
FLOOD,LOW,14120,28,BABY_SUPPLIES,71.42,15,954.5,872,1185.6
LANDSLIDE,MEDIUM,16015,43,CLOTHING,231.1,24,5306.4,4309,5266.1
CYCLONE,MEDIUM,10460,27,FIRST_AID_KITS,52.95,7,435.9,1022,1269.4
EPIDEMIC,LOW,5178,22,FOOD,3472.21,10,39542.3,40113,37566.8
CYCLONE,MEDIUM,9127,39,CLOTHING,108.43,8,805.7,2784,4087.5
FLOOD,CRITICAL,7136,27,BABY_SUPPLIES,60.45,4,185.3,1085,1543.3
EARTHQUAKE,HIGH,3524,23,CLOTHING,46.4,13,566.0,734,677.8
LANDSLIDE,HIGH,19737,21,FIRST_AID_KITS,114.94,14,1975.8,1000,975.9
FIRE,HIGH,4162,30,FIRST_AID_KITS,20.79,11,285.8,382,412.9
FLOOD,MEDIUM,9968,13,CLOTHING,132.92,5,855.2,792,1186.7
DROUGHT,MEDIUM,11172,36,HYGIENE_KITS,155.69,13,2076.0,2813,3333.2
EPIDEMIC,LOW,4328,37,CLOTHING,50.76,17,838.5,676,922.5
EARTHQUAKE,LOW,16877,37,WATER,56607.35,2,92001.6,1073720,2405183.5
FLOOD,HIGH,11931,36,BLANKETS,302.03,14,5051.7,6744,8046.9
LANDSLIDE,MEDIUM,14631,40,FOOD,9385.5,22,220756.7,108469,157578.3
LANDSLIDE,LOW,6397,41,HYGIENE_KITS,75.4,11,658.2,1780,2436.8
EPIDEMIC,MEDIUM,1973,19,BABY_SUPPLIES,14.25,6,60.8,93,188.6
LANDSLIDE,LOW,7461,38,CLOTHING,80.55,17,1517.6,1776,1787.1
DROUGHT,MEDIUM,8110,28,FOOD,6957.14,13,66228.1,112977,104231.3
CYCLONE,CRITICAL,14208,20,CLOTHING,259.51,9,1860.0,1483,3597.9
EARTHQUAKE,HIGH,7427,39,BLANKETS,185.22,20,2681.7,3498,4948.6
DROUGHT,MEDIUM,9410,29,BLANKETS,278.85,22,4571.6,1869,1963.7
FIRE,LOW,13425,9,FOOD,8052.96,5,31420.0,20705,31136.9
FIRE,LOW,18459,16,CLOTHING,223.74,7,1950.5,1741,1971.2
FIRE,HIGH,11812,35,CLOTHING,195.45,1,151.1,4148,6484.7
EARTHQUAKE,MEDIUM,6015,36,BLANKETS,139.11,23,3615.0,2412,2670.0
FLOOD,MEDIUM,7889,20,CLOTHING,88.05,15,1149.4,426,518.4
FLOOD,MEDIUM,15807,18,BLANKETS,446.85,1,509.4,4371,8576.3
FLOOD,MEDIUM,2158,26,WATER,6812.19,2,14564.4,164321,150413.2
LANDSLIDE,HIGH,1915,25,FOOD,1808.86,16,31433.0,17536,20907.0
DROUGHT,CRITICAL,11503,7,WATER,73745.76,1,85651.1,352440,445475.6
LANDSLIDE,HIGH,12635,30,MEDICINE,194.49,21,2989.7,1903,1879.3
FLOOD,MEDIUM,6576,43,MEDICINE,76.46,14,1290.2,1609,2881.1
FLOOD,MEDIUM,5203,40,FIRST_AID_KITS,27.39,14,428.3,738,784.7
LANDSLIDE,MEDIUM,11965,39,BLANKETS,310.94,10,3244.6,7253,9439.7
CYCLONE,CRITICAL,7472,28,WATER,47830.29,15,866164.5,634545,787783.1
CYCLONE,LOW,9047,30,MEDICINE,108.27,8,888.5,1270,2512.3
LANDSLIDE,MEDIUM,8356,33,BABY_SUPPLIES,56.95,3,169.1,1641,1613.5
CYCLONE,MEDIUM,10501,45,HYGIENE_KITS,148.02,12,2141.5,5857,6106.6
EPIDEMIC,MEDIUM,3392,39,FOOD,2912.61,27,101744.7,35348,33599.1
FIRE,MEDIUM,11233,29,CLOTHING,166.01,24,4328.7,414,844.4
CYCLONE,CRITICAL,17212,23,MEDICINE,278.8,4,800.5,2793,6933.4
CYCLONE,HIGH,13309,43,HYGIENE_KITS,177.96,34,6987.3,1305,1824.9
FLOOD,HIGH,15170,31,FOOD,13032.72,23,224769.4,116511,124103.1
EPIDEMIC,HIGH,13236,38,CLOTHING,179.86,5,870.6,3784,5951.1
LANDSLIDE,MEDIUM,13798,43,BLANKETS,409.21,34,14002.1,4442,4277.2
EARTHQUAKE,LOW,10204,39,MEDICINE,114.52,4,365.4,4097,4949.7
FLOOD,CRITICAL,4298,37,MEDICINE,79.9,1,61.7,1842,2803.1
FLOOD,HIGH,7058,45,WATER,36725.25,27,1058153.3,436417,759147.6
LANDSLIDE,MEDIUM,3735,35,FOOD,3339.58,6,19930.3,63208,115738.2
CYCLONE,MEDIUM,6214,41,BABY_SUPPLIES,45.85,16,881.0,1471,1419.1
DROUGHT,CRITICAL,13836,26,MEDICINE,265.38,15,4559.9,1711,3279.1
FIRE,MEDIUM,3841,35,BABY_SUPPLIES,20.99,2,44.4,343,751.3
FLOOD,MEDIUM,5324,25,HYGIENE_KITS,58.43,2,112.4,696,1674.8
CYCLONE,HIGH,15438,31,FIRST_AID_KITS,100.05,18,1581.5,1517,1508.5
CYCLONE,HIGH,9744,37,BLANKETS,247.98,6,1866.5,4205,9642.1
FLOOD,LOW,2924,22,CLOTHING,31.41,14,407.9,301,318.8
LANDSLIDE,CRITICAL,246,21,FOOD,310.95,2,611.1,6718,6164.7
EPIDEMIC,MEDIUM,13545,38,FOOD,10749.67,6,67434.4,357888,396059.3
FLOOD,MEDIUM,6227,39,FIRST_AID_KITS,35.03,12,369.0,495,1160.4
FLOOD,HIGH,7075,37,HYGIENE_KITS,107.36,26,2273.2,843,1571.0
EPIDEMIC,MEDIUM,5695,20,BABY_SUPPLIES,35.99,17,793.5,41,94.0
FIRE,CRITICAL,870,43,FOOD,825.25,9,7538.3,23101,30634.0
EARTHQUAKE,HIGH,14760,27,WATER,74943.28,7,454173.8,1373429,2122875.0
FLOOD,MEDIUM,9499,37,FOOD,6498.98,11,60181.0,197645,189740.2
DROUGHT,MEDIUM,10565,17,FIRST_AID_KITS,51.93,11,624.6,292,331.0
FLOOD,MEDIUM,18677,12,BABY_SUPPLIES,100.25,8,578.2,480,469.3
DROUGHT,CRITICAL,6594,24,BLANKETS,229.1,3,700.4,2641,4881.6
FLOOD,CRITICAL,4651,20,FIRST_AID_KITS,33.72,9,258.0,266,381.0
EARTHQUAKE,MEDIUM,1060,21,WATER,4711.82,12,64147.6,43246,50990.6
LANDSLIDE,CRITICAL,17983,28,BABY_SUPPLIES,178.91,11,2293.2,1939,3373.7
FIRE,CRITICAL,2007,35,MEDICINE,39.78,1,29.5,1213,1207.2
EPIDEMIC,HIGH,8442,5,HYGIENE_KITS,113.14,1,94.5,308,407.0
EPIDEMIC,MEDIUM,18431,10,BLANKETS,466.39,4,1970.3,1691,2322.0
EARTHQUAKE,HIGH,16157,15,FIRST_AID_KITS,111.49,6,650.1,1233,1361.0
LANDSLIDE,CRITICAL,19565,29,WATER,118302.87,17,1555038.3,921789,1533126.9
CYCLONE,MEDIUM,7006,39,CLOTHING,101.9,1,119.8,4461,4890.2
EPIDEMIC,CRITICAL,7201,36,HYGIENE_KITS,148.34,28,3815.1,1068,1081.1
LANDSLIDE,HIGH,19400,42,BLANKETS,567.32,11,7858.5,10910,17965.1
LANDSLIDE,MEDIUM,16739,38,WATER,68799.81,9,657340.1,1549393,1911723.7
LANDSLIDE,CRITICAL,10679,30,WATER,57007.82,11,658715.0,1074981,1110963.5
FLOOD,MEDIUM,2116,9,FIRST_AID_KITS,10.41,0,8.8,130,126.4
DROUGHT,CRITICAL,16535,32,HYGIENE_KITS,308.27,13,4340.8,4659,5852.4
FLOOD,MEDIUM,9657,17,CLOTHING,131.76,3,500.6,1833,2154.0
FLOOD,HIGH,3181,18,BLANKETS,84.31,9,537.5,1014,925.6
FLOOD,CRITICAL,1950,29,WATER,9721.21,14,150908.9,123352,148893.7
EARTHQUAKE,CRITICAL,9333,30,CLOTHING,161.43,8,1111.2,4632,5148.2
DROUGHT,HIGH,6659,42,CLOTHING,90.56,18,1992.1,1759,2156.2
FLOOD,CRITICAL,16707,20,BABY_SUPPLIES,165.73,5,894.1,1884,2826.6
CYCLONE,CRITICAL,8134,12,WATER,43008.54,10,412904.3,97709,113437.9
EPIDEMIC,HIGH,19118,43,FOOD,15302.08,25,348854.0,118418,242774.8
FLOOD,MEDIUM,17791,33,BLANKETS,518.37,27,13513.4,4217,4126.2
FLOOD,MEDIUM,2403,17,HYGIENE_KITS,26.2,12,243.5,122,162.5
EPIDEMIC,HIGH,8670,31,MEDICINE,118.0,21,2084.7,550,913.0
FIRE,CRITICAL,9576,9,CLOTHING,198.24,1,174.5,1506,1659.2
EARTHQUAKE,HIGH,7130,27,MEDICINE,112.26,17,2193.3,668,1534.5
CYCLONE,HIGH,8611,41,FIRST_AID_KITS,54.99,10,661.0,922,2174.3
FLOOD,CRITICAL,10227,7,WATER,46075.44,2,73005.7,252663,255754.9
EARTHQUAKE,HIGH,19203,24,WATER,96128.18,20,1658851.1,338059,506183.1
EPIDEMIC,CRITICAL,13114,41,CLOTHING,202.87,21,4715.0,1695,3362.0
FLOOD,MEDIUM,13176,27,BABY_SUPPLIES,92.82,4,358.9,1822,2454.9
DROUGHT,HIGH,5961,19,BLANKETS,193.89,10,1946.5,1516,1881.5
CYCLONE,LOW,19446,43,WATER,52559.88,32,1403324.6,329498,708076.1
EPIDEMIC,CRITICAL,13928,12,FOOD,12903.24,1,9085.5,71231,128394.4
FLOOD,LOW,13752,43,FOOD,10115.05,1,8143.7,342411,476348.1
LANDSLIDE,HIGH,15048,7,FOOD,13489.36,4,49454.2,29602,35353.0
CYCLONE,MEDIUM,15394,28,WATER,67942.57,16,1093596.4,764360,1136406.3
FIRE,MEDIUM,18543,28,FIRST_AID_KITS,76.85,4,325.0,1094,1951.0
EPIDEMIC,LOW,19067,35,BABY_SUPPLIES,81.19,7,600.9,1037,2103.2
EARTHQUAKE,CRITICAL,7280,35,MEDICINE,154.93,24,4535.2,1547,2076.0
FIRE,CRITICAL,423,36,CLOTHING,8.53,18,149.7,78,152.6
FLOOD,MEDIUM,9631,9,HYGIENE_KITS,123.71,3,269.1,406,918.5
DROUGHT,HIGH,6133,20,FIRST_AID_KITS,34.19,0,38.8,440,630.1
FIRE,MEDIUM,9512,20,CLOTHING,131.31,14,1771.7,313,779.7
CYCLONE,LOW,5380,20,WATER,19924.9,11,268664.9,188174,225085.5
LANDSLIDE,CRITICAL,5524,40,FOOD,5778.17,10,58985.3,76936,185635.6
FIRE,CRITICAL,10511,43,FIRST_AID_KITS,86.9,34,2893.6,597,786.0
DROUGHT,LOW,6816,11,WATER,19401.62,7,140270.3,84697,83940.1
FLOOD,LOW,5500,34,FOOD,3584.51,9,25958.0,71674,113962.0
EPIDEMIC,MEDIUM,2805,15,BABY_SUPPLIES,16.42,12,207.6,34,44.6
CYCLONE,MEDIUM,9428,34,BABY_SUPPLIES,56.44,19,847.0,786,1076.4
EARTHQUAKE,CRITICAL,8772,22,WATER,47685.59,15,817062.3,230926,425203.6
CYCLONE,MEDIUM,1757,35,BLANKETS,44.33,16,651.3,522,1148.3
EPIDEMIC,MEDIUM,3681,9,FIRST_AID_KITS,18.87,1,20.3,64,149.3
CYCLONE,HIGH,4318,13,HYGIENE_KITS,75.39,5,306.1,802,730.4
EPIDEMIC,CRITICAL,3085,44,FIRST_AID_KITS,26.79,21,396.3,244,584.8
CYCLONE,MEDIUM,18958,38,BLANKETS,540.86,9,3438.8,16115,18585.1
DROUGHT,LOW,11629,19,CLOTHING,114.89,10,1106.4,907,897.4
FLOOD,MEDIUM,430,14,MEDICINE,5.67,4,19.5,71,67.2
CYCLONE,CRITICAL,12346,7,FIRST_AID_KITS,80.95,2,136.3,235,559.4
FIRE,CRITICAL,1576,20,WATER,7119.64,1,7240.6,137760,146415.6
FLOOD,HIGH,6171,13,FIRST_AID_KITS,31.52,7,155.2,173,206.7
CYCLONE,MEDIUM,15008,26,WATER,49836.38,3,161649.4,920256,1591634.8
LANDSLIDE,HIGH,15281,33,FIRST_AID_KITS,79.55,4,342.2,2402,2581.1
FLOOD,HIGH,13996,17,HYGIENE_KITS,222.47,12,2536.2,808,1023.4
EPIDEMIC,MEDIUM,14195,36,HYGIENE_KITS,199.95,4,1037.3,6140,6143.3
FLOOD,CRITICAL,11356,31,MEDICINE,213.62,15,2649.3,4031,4357.7
LANDSLIDE,HIGH,10412,26,WATER,54742.09,15,1034498.3,563172,673566.5
EARTHQUAKE,HIGH,17272,13,WATER,81591.43,7,524657.3,361116,710429.6
CYCLONE,MEDIUM,15472,22,FIRST_AID_KITS,72.21,19,1683.5,295,273.2
FIRE,CRITICAL,19746,33,MEDICINE,316.62,13,2997.0,4617,6970.3
CYCLONE,MEDIUM,8654,16,BABY_SUPPLIES,59.86,13,779.7,200,188.5
LANDSLIDE,HIGH,3669,14,FOOD,3367.01,4,16193.0,35683,35956.9
FLOOD,LOW,11327,45,FOOD,6017.06,4,20808.0,200060,285165.8
EARTHQUAKE,MEDIUM,3126,19,WATER,9873.22,9,66891.1,123580,126902.0
FLOOD,MEDIUM,18251,37,FOOD,13538.82,5,47452.1,440729,495767.4
CYCLONE,MEDIUM,17228,35,HYGIENE_KITS,181.6,14,2150.3,3280,4664.7
CYCLONE,MEDIUM,9972,19,HYGIENE_KITS,149.37,14,1861.6,697,917.3
CYCLONE,HIGH,7486,26,HYGIENE_KITS,94.09,10,784.7,2054,2004.1
FLOOD,CRITICAL,9674,27,BLANKETS,390.51,3,1182.6,8587,11088.6
FLOOD,CRITICAL,9070,15,BLANKETS,304.21,3,1104.0,4468,4682.2
EARTHQUAKE,CRITICAL,19428,26,WATER,107869.19,18,1501756.5,1261289,1325369.0
EPIDEMIC,MEDIUM,472,34,MEDICINE,6.36,29,180.1,12,27.7
FLOOD,MEDIUM,19996,41,WATER,66756.14,28,1616439.1,1073593,1075709.9
EPIDEMIC,LOW,2217,19,FOOD,1514.44,5,7810.2,14000,18546.6
LANDSLIDE,HIGH,1176,26,FOOD,1064.13,16,14423.8,12261,11460.6
DROUGHT,CRITICAL,16235,7,MEDICINE,264.58,2,580.1,1239,1187.7
EPIDEMIC,MEDIUM,10685,7,FIRST_AID_KITS,54.09,5,300.2,66,102.2
FLOOD,HIGH,18751,32,HYGIENE_KITS,257.31,18,4527.7,2842,4447.8
CYCLONE,MEDIUM,17462,31,BLANKETS,364.93,14,4242.5,4464,6932.7
DROUGHT,MEDIUM,18748,38,BABY_SUPPLIES,123.94,4,411.8,3163,4178.9
CYCLONE,CRITICAL,11420,33,WATER,71508.01,25,1411759.5,469246,652296.7
FLOOD,CRITICAL,12717,27,BABY_SUPPLIES,138.02,1,146.4,2883,4936.0
FLOOD,HIGH,3915,20,BLANKETS,105.54,3,387.9,2343,2319.9
EPIDEMIC,HIGH,19723,35,FOOD,15613.55,17,252958.6,150338,281215.7
FLOOD,HIGH,13755,10,MEDICINE,235.12,6,1689.0,654,1172.0
DROUGHT,LOW,9631,34,BLANKETS,205.89,8,1949.1,5205,5172.0
EARTHQUAKE,LOW,6879,42,MEDICINE,69.23,28,1501.6,957,1324.3
CYCLONE,CRITICAL,828,25,WATER,4617.11,16,68270.8,31311,55749.5
EPIDEMIC,CRITICAL,4916,34,FOOD,4779.95,15,83487.6,54319,77649.6
EARTHQUAKE,MEDIUM,5952,25,BLANKETS,172.78,20,4314.0,554,970.4
EARTHQUAKE,MEDIUM,6256,45,FOOD,4069.95,36,119234.7,47805,52388.0
EARTHQUAKE,MEDIUM,5936,30,CLOTHING,79.81,6,465.9,1221,2765.3
FIRE,HIGH,15437,18,BLANKETS,452.16,6,2678.0,4923,5567.3
FLOOD,MEDIUM,9896,37,CLOTHING,127.78,5,611.3,2773,3910.6
FIRE,HIGH,6684,18,WATER,25701.01,2,38155.4,296356,410383.6
DROUGHT,MEDIUM,16517,21,WATER,59682.55,6,443120.9,800085,1042365.7
FIRE,HIGH,17747,42,WATER,73604.73,35,2967797.2,468418,582203.1
CYCLONE,HIGH,1040,14,HYGIENE_KITS,14.33,0,12.0,145,192.6
LANDSLIDE,MEDIUM,13342,15,FIRST_AID_KITS,56.31,1,52.7,376,878.0
CYCLONE,CRITICAL,17132,26,WATER,107981.78,18,1654746.1,1168688,1141181.7
EARTHQUAKE,HIGH,8358,20,HYGIENE_KITS,115.14,6,889.8,1761,2203.2
FLOOD,CRITICAL,12189,25,FIRST_AID_KITS,74.9,9,843.7,661,1395.2
EPIDEMIC,MEDIUM,8645,17,FIRST_AID_KITS,44.71,13,518.1,96,168.6
FIRE,LOW,18986,33,HYGIENE_KITS,222.61,23,5620.5,1321,2311.9
LANDSLIDE,MEDIUM,15371,20,MEDICINE,221.4,15,4056.0,734,1127.3
EARTHQUAKE,CRITICAL,13161,25,FIRST_AID_KITS,99.91,10,1164.1,1868,2007.9
DROUGHT,HIGH,7946,35,WATER,37123.71,6,200905.5,950414,934929.8
EARTHQUAKE,MEDIUM,5426,44,CLOTHING,80.35,2,161.3,2471,4661.4
CYCLONE,HIGH,5426,32,BABY_SUPPLIES,40.23,18,876.5,374,703.0
CYCLONE,MEDIUM,1522,39,BLANKETS,32.94,19,457.5,541,958.9
LANDSLIDE,MEDIUM,9048,40,HYGIENE_KITS,114.47,6,684.1,3946,4470.9
FLOOD,CRITICAL,4865,9,BLANKETS,211.4,1,200.6,1262,1893.2
EPIDEMIC,LOW,2610,38,FIRST_AID_KITS,12.12,7,68.6,187,327.0
FIRE,MEDIUM,16909,25,CLOTHING,206.45,6,1517.1,3268,3393.5
FLOOD,MEDIUM,2022,44,BABY_SUPPLIES,12.85,36,561.0,65,127.7
EARTHQUAKE,HIGH,7674,22,BLANKETS,252.91,14,3406.6,1527,2816.6
FLOOD,HIGH,19710,27,CLOTHING,340.21,4,1584.1,6418,9020.4
EARTHQUAKE,MEDIUM,17075,21,FIRST_AID_KITS,77.08,11,1092.7,802,1064.0
CYCLONE,LOW,6978,30,WATER,20409.71,6,158210.4,488486,692444.1
DROUGHT,MEDIUM,6985,42,FOOD,5036.93,13,50667.3,126472,137065.6
LANDSLIDE,MEDIUM,5568,36,MEDICINE,76.37,14,1337.6,1501,1680.8
EARTHQUAKE,HIGH,8937,14,BLANKETS,277.14,9,1769.8,861,1807.5
DROUGHT,MEDIUM,15941,37,FIRST_AID_KITS,89.46,22,2100.6,1136,1226.1
LANDSLIDE,HIGH,8559,14,FIRST_AID_KITS,57.23,8,471.8,306,325.4
FIRE,CRITICAL,8087,39,WATER,50555.25,30,1103579.1,378389,428219.5
FLOOD,LOW,5603,18,CLOTHING,64.04,15,699.2,131,211.3
CYCLONE,MEDIUM,1713,15,WATER,5618.73,5,30276.8,28024,67270.5
FLOOD,MEDIUM,17744,17,WATER,73241.61,2,121330.7,586391,1257261.7
CYCLONE,MEDIUM,3382,31,MEDICINE,48.15,6,291.0,964,1387.8
CYCLONE,MEDIUM,13355,7,BABY_SUPPLIES,97.61,3,376.6,366,441.9
CYCLONE,HIGH,8807,34,HYGIENE_KITS,118.89,3,335.9,4292,5053.4
FLOOD,HIGH,15300,25,BABY_SUPPLIES,97.29,10,809.2,1394,1576.1
EARTHQUAKE,HIGH,12024,11,CLOTHING,153.16,7,1063.6,816,854.3
DROUGHT,MEDIUM,5315,40,BLANKETS,119.66,25,2666.4,1320,1720.2
FIRE,MEDIUM,1040,27,BABY_SUPPLIES,5.73,9,37.6,100,110.6
FLOOD,CRITICAL,19330,23,CLOTHING,357.7,1,296.9,5398,8822.3
FLOOD,HIGH,18582,5,MEDICINE,256.76,1,232.2,1182,1197.1
EPIDEMIC,MEDIUM,11904,39,FOOD,8382.68,26,202899.7,85968,108959.0
FLOOD,MEDIUM,7200,40,FIRST_AID_KITS,39.79,19,722.0,790,1042.6
CYCLONE,LOW,6696,5,MEDICINE,72.75,3,181.7,173,186.8
EARTHQUAKE,CRITICAL,3153,6,FIRST_AID_KITS,27.52,3,101.3,48,100.5
EPIDEMIC,HIGH,12162,19,WATER,53724.56,4,192458.2,519508,781161.3
DROUGHT,MEDIUM,6121,45,MEDICINE,78.1,15,1402.0,2298,2326.9
FLOOD,LOW,9798,38,WATER,25709.45,8,224282.6,341002,834205.6
EARTHQUAKE,HIGH,16392,18,MEDICINE,220.76,15,3205.3,428,864.4
LANDSLIDE,CRITICAL,5402,10,MEDICINE,98.13,2,169.3,763,776.0
EARTHQUAKE,MEDIUM,3614,25,BABY_SUPPLIES,25.14,5,127.6,614,712.1
DROUGHT,HIGH,8371,24,FIRST_AID_KITS,51.85,14,765.3,474,513.7
DROUGHT,HIGH,2544,9,HYGIENE_KITS,35.25,3,106.9,131,193.6
FLOOD,CRITICAL,19784,32,CLOTHING,403.4,5,2339.8,5523,11780.7
CYCLONE,MEDIUM,13439,10,WATER,43174.72,8,255293.6,54367,100099.2
FLOOD,HIGH,12145,15,CLOTHING,199.44,3,625.0,2340,2573.9
FLOOD,LOW,3737,10,HYGIENE_KITS,34.4,7,215.1,94,111.6
FLOOD,CRITICAL,3521,5,CLOTHING,69.95,3,242.6,175,162.4
EPIDEMIC,MEDIUM,6433,13,BABY_SUPPLIES,33.65,10,322.5,42,85.2
EARTHQUAKE,MEDIUM,7758,36,CLOTHING,92.99,2,238.1,2258,4139.4
EARTHQUAKE,HIGH,15671,40,HYGIENE_KITS,258.85,11,2179.8,4885,9321.8
CYCLONE,CRITICAL,13923,10,WATER,83817.15,4,295392.3,446647,660277.4
EARTHQUAKE,MEDIUM,11537,21,FOOD,8606.24,16,141800.6,48785,55555.1
FLOOD,MEDIUM,9840,14,HYGIENE_KITS,120.19,8,1074.5,852,779.2
EARTHQUAKE,HIGH,3163,38,FIRST_AID_KITS,16.26,23,400.3,344,341.6
FIRE,CRITICAL,7670,38,HYGIENE_KITS,119.22,2,248.8,2110,4893.5
EPIDEMIC,CRITICAL,18397,27,FIRST_AID_KITS,143.22,14,2321.5,1400,1708.1
FIRE,MEDIUM,6227,38,BLANKETS,170.08,25,5259.5,1848,1963.6
FLOOD,CRITICAL,5407,16,HYGIENE_KITS,85.25,12,1097.6,399,391.6
FLOOD,CRITICAL,18909,35,BLANKETS,726.29,3,2089.5,17793,28139.5
FLOOD,CRITICAL,17978,31,FIRST_AID_KITS,141.43,22,2994.7,739,1522.2
EARTHQUAKE,LOW,14599,12,BLANKETS,266.43,8,2021.0,1462,1347.1
FIRE,HIGH,8155,19,BLANKETS,225.93,5,1467.8,1599,3230.5
FLOOD,MEDIUM,13121,8,WATER,45612.65,6,249044.9,64927,109009.6
EARTHQUAKE,HIGH,3241,33,BABY_SUPPLIES,28.5,16,554.1,569,689.7
LANDSLIDE,CRITICAL,4116,15,CLOTHING,89.63,12,887.3,303,275.6
FLOOD,MEDIUM,12702,13,BLANKETS,270.65,2,469.9,3901,3934.9
FLOOD,HIGH,16517,21,BLANKETS,532.19,14,7333.4,2548,4456.7
FIRE,HIGH,766,43,HYGIENE_KITS,10.17,33,376.6,86,96.6
FLOOD,MEDIUM,16040,42,FOOD,14419.86,22,312360.8,214125,373901.4
FLOOD,HIGH,786,26,HYGIENE_KITS,9.97,14,145.2,140,140.5
EPIDEMIC,LOW,12024,17,WATER,36295.43,5,220495.8,198785,396609.4
EARTHQUAKE,MEDIUM,7548,40,FIRST_AID_KITS,44.42,16,626.9,893,1530.5
FIRE,MEDIUM,2578,17,BLANKETS,73.53,14,1225.1,141,225.6
EPIDEMIC,MEDIUM,5868,36,WATER,19784.55,23,432196.0,165582,229675.0
EARTHQUAKE,MEDIUM,1522,28,FOOD,1238.3,13,18196.8,14716,22992.0
EARTHQUAKE,MEDIUM,16155,31,BABY_SUPPLIES,107.82,9,955.2,2031,3012.4
LANDSLIDE,CRITICAL,11008,21,CLOTHING,196.38,2,359.2,2250,3860.8
LANDSLIDE,LOW,3884,39,BABY_SUPPLIES,19.59,20,331.5,376,385.8
FIRE,LOW,6812,19,FIRST_AID_KITS,30.6,6,150.6,214,448.1
FIRE,CRITICAL,14270,35,BLANKETS,582.17,15,9163.1,9332,10544.0
LANDSLIDE,LOW,2185,45,HYGIENE_KITS,27.02,3,81.3,700,1004.7
EPIDEMIC,MEDIUM,11190,24,MEDICINE,139.6,7,1259.0,1635,1837.6
EARTHQUAKE,HIGH,14740,26,CLOTHING,182.71,16,3494.2,1418,2130.6
FLOOD,CRITICAL,18144,25,MEDICINE,354.49,13,5595.9,2684,5345.3
LANDSLIDE,CRITICAL,393,25,FIRST_AID_KITS,2.43,12,25.2,20,36.3
EARTHQUAKE,HIGH,5282,43,HYGIENE_KITS,78.98,3,234.0,3311,4277.5
FLOOD,MEDIUM,6598,45,CLOTHING,67.53,17,923.8,1062,2185.2
FLOOD,CRITICAL,6929,26,FIRST_AID_KITS,46.66,2,96.1,856,1324.1
FLOOD,LOW,16049,33,MEDICINE,196.48,3,578.2,6734,6567.8
FLOOD,MEDIUM,19067,42,HYGIENE_KITS,238.07,1,211.8,8276,11873.8
LANDSLIDE,LOW,17803,26,FOOD,13073.49,13,180302.3,189613,198082.0
EPIDEMIC,CRITICAL,15763,25,BABY_SUPPLIES,142.03,11,1285.2,1510,1697.1
CYCLONE,MEDIUM,11878,25,BLANKETS,245.87,17,4418.5,2217,2089.1
FLOOD,MEDIUM,15906,36,HYGIENE_KITS,164.13,19,3784.9,3011,3224.5
FIRE,HIGH,17778,14,WATER,74861.46,2,183213.4,545878,944577.9
EARTHQUAKE,HIGH,5286,33,MEDICINE,80.34,0,75.9,3703,3906.2
EPIDEMIC,HIGH,19952,12,WATER,93204.13,3,225907.8,509854,832044.8
EARTHQUAKE,HIGH,5078,8,FOOD,4443.19,0,4414.8,28627,45246.3
EARTHQUAKE,MEDIUM,5487,20,BABY_SUPPLIES,35.87,8,344.0,449,598.0
FIRE,LOW,13617,13,CLOTHING,116.59,9,1126.8,406,458.1
LANDSLIDE,HIGH,19742,20,FOOD,15748.54,11,173562.3,145303,160613.2
FLOOD,MEDIUM,8905,27,BLANKETS,239.15,5,936.1,4766,6189.2
FIRE,HIGH,9486,9,BABY_SUPPLIES,73.68,4,235.4,177,360.5
FLOOD,HIGH,1608,18,WATER,7277.14,12,75428.4,53687,49966.4
LANDSLIDE,HIGH,7810,16,WATER,31298.21,6,244093.9,392673,370462.4
CYCLONE,MEDIUM,3445,8,FIRST_AID_KITS,17.32,0,15.0,165,177.2
CYCLONE,MEDIUM,15322,10,BLANKETS,449.21,5,2726.6,1469,3179.3
FLOOD,HIGH,14301,7,BLANKETS,367.07,2,752.0,1487,2212.4
LANDSLIDE,HIGH,16675,7,HYGIENE_KITS,225.98,3,874.9,438,992.8
FLOOD,MEDIUM,16346,42,MEDICINE,199.92,1,142.0,8454,9895.1
EARTHQUAKE,LOW,1595,37,MEDICINE,17.08,31,594.2,58,141.5
EARTHQUAKE,HIGH,5003,11,MEDICINE,81.59,4,402.5,548,752.4
FIRE,CRITICAL,17636,17,CLOTHING,360.58,4,1132.0,2112,4513.5
LANDSLIDE,HIGH,12704,41,BABY_SUPPLIES,111.08,11,1095.2,3698,3700.2
CYCLONE,MEDIUM,17544,22,FOOD,14006.61,11,130456.7,80214,193576.9
CYCLONE,HIGH,1743,21,MEDICINE,21.69,14,363.9,109,188.0
FLOOD,HIGH,11024,12,BLANKETS,362.49,4,1218.9,2855,3338.9
FIRE,CRITICAL,2267,23,HYGIENE_KITS,47.94,15,720.9,302,382.8
FIRE,MEDIUM,19809,17,BABY_SUPPLIES,146.24,0,136.6,1941,2393.4
LANDSLIDE,LOW,15167,41,HYGIENE_KITS,143.51,14,1617.3,1377,3254.8
CYCLONE,LOW,5764,35,HYGIENE_KITS,62.89,1,53.7,1953,2715.7
EARTHQUAKE,HIGH,14180,11,FOOD,11777.28,1,13683.4,126791,181212.5
CYCLONE,LOW,6675,36,WATER,19236.59,24,334496.0,222310,278118.2
DROUGHT,HIGH,13976,18,WATER,72004.39,9,625529.1,511832,637600.1
DROUGHT,MEDIUM,18603,21,FOOD,14877.24,9,146386.9,141194,147810.0
FLOOD,LOW,4394,42,BABY_SUPPLIES,19.8,20,494.1,237,471.5
FLOOD,HIGH,9850,7,HYGIENE_KITS,145.84,6,683.9,114,203.6
FIRE,CRITICAL,15331,9,WATER,78370.91,6,513506.4,119594,241345.8
DROUGHT,MEDIUM,6657,31,WATER,26592.76,1,19405.3,506088,855565.0
EPIDEMIC,MEDIUM,19887,12,HYGIENE_KITS,262.04,0,288.5,3063,2871.8
EARTHQUAKE,CRITICAL,1267,14,FIRST_AID_KITS,10.07,7,61.8,86,103.1
EPIDEMIC,LOW,7795,11,FOOD,4494.97,1,5311.2,18310,42968.0
FLOOD,MEDIUM,6879,8,BLANKETS,186.8,5,1150.4,393,686.5
FLOOD,CRITICAL,1483,19,BLANKETS,61.76,13,1019.5,474,433.2
FLOOD,MEDIUM,2610,32,CLOTHING,36.1,24,785.6,229,304.8
FLOOD,MEDIUM,10159,44,CLOTHING,126.4,17,1857.0,2735,3630.7
EPIDEMIC,MEDIUM,14980,6,FIRST_AID_KITS,67.06,3,252.2,96,178.3
EPIDEMIC,MEDIUM,7928,25,BABY_SUPPLIES,46.65,21,828.4,107,161.4
FLOOD,LOW,4443,38,MEDICINE,37.88,12,382.7,772,906.1
EPIDEMIC,HIGH,2505,21,HYGIENE_KITS,36.06,16,476.1,180,177.0
FLOOD,MEDIUM,10949,6,HYGIENE_KITS,164.09,0,117.1,787,1100.6
CYCLONE,MEDIUM,18784,15,MEDICINE,250.13,6,1250.4,1342,2618.7
DROUGHT,HIGH,9132,31,MEDICINE,120.66,17,1925.0,1435,1629.1
DROUGHT,HIGH,6879,11,BLANKETS,189.43,3,401.0,1431,1548.1
FIRE,HIGH,12018,17,FIRST_AID_KITS,87.03,4,386.7,1317,1227.0
CYCLONE,MEDIUM,16879,29,FIRST_AID_KITS,73.08,12,1006.7,1493,1621.8
FLOOD,LOW,321,19,WATER,1045.34,8,9598.5,12890,15010.4
EARTHQUAKE,MEDIUM,8491,37,HYGIENE_KITS,98.03,11,857.8,3748,3476.1
DROUGHT,MEDIUM,18093,20,FOOD,14917.73,3,43657.5,198167,255278.9
FLOOD,MEDIUM,16168,43,MEDICINE,177.13,28,4429.4,2286,2873.4
CYCLONE,HIGH,8601,45,HYGIENE_KITS,135.39,26,3680.3,2415,3090.6
CYCLONE,LOW,5423,7,BLANKETS,131.9,4,585.4,539,490.3
FIRE,MEDIUM,9725,36,WATER,39042.05,6,222163.1,670425,1201636.2
FLOOD,LOW,12307,19,BABY_SUPPLIES,72.69,1,54.7,1327,1608.2
FIRE,CRITICAL,3445,34,BLANKETS,126.51,3,415.7,3694,3983.6
DROUGHT,CRITICAL,990,28,BLANKETS,37.77,23,1051.4,130,197.6
EPIDEMIC,HIGH,10125,45,CLOTHING,130.26,14,1975.0,2446,3885.0
DROUGHT,MEDIUM,17956,16,BLANKETS,476.41,4,1603.4,3885,4730.9
FIRE,MEDIUM,10128,35,BABY_SUPPLIES,73.08,19,1002.3,899,1176.0
FIRE,HIGH,5587,11,FOOD,5381.22,9,33928.6,6870,9314.6
FIRE,HIGH,9862,27,FIRST_AID_KITS,68.99,1,54.5,1233,1873.3
EARTHQUAKE,LOW,5627,15,FIRST_AID_KITS,21.88,8,142.9,134,177.3
CYCLONE,MEDIUM,19765,39,FIRST_AID_KITS,88.42,2,146.9,4109,4124.6
EPIDEMIC,CRITICAL,1318,10,BABY_SUPPLIES,11.96,7,96.3,16,30.4
LANDSLIDE,CRITICAL,6394,37,FIRST_AID_KITS,40.19,23,803.0,520,575.9
FIRE,CRITICAL,9328,14,HYGIENE_KITS,172.22,4,794.3,1613,1869.9
FLOOD,MEDIUM,5263,30,MEDICINE,70.19,2,155.1,1210,2337.4
FLOOD,CRITICAL,14955,32,CLOTHING,311.91,18,4703.7,6366,6399.7
FLOOD,CRITICAL,9457,45,FIRST_AID_KITS,70.57,7,600.6,2364,3759.7
CYCLONE,MEDIUM,6963,34,BABY_SUPPLIES,39.27,12,330.8,596,1166.5
CYCLONE,CRITICAL,484,14,FIRST_AID_KITS,4.11,9,41.7,19,26.1
CYCLONE,HIGH,801,28,WATER,3809.27,11,30310.8,85207,83582.0
FIRE,MEDIUM,14135,8,BABY_SUPPLIES,72.75,5,335.5,133,253.2
FIRE,HIGH,557,28,HYGIENE_KITS,9.64,14,133.9,154,144.0
CYCLONE,CRITICAL,18976,13,FOOD,24187.06,7,198152.3,99312,204481.4
EARTHQUAKE,HIGH,18017,41,BABY_SUPPLIES,147.51,21,3810.6,2336,3449.6
EARTHQUAKE,HIGH,621,6,FIRST_AID_KITS,4.05,4,19.7,10,10.8
EARTHQUAKE,MEDIUM,6505,13,BLANKETS,158.09,9,1469.3,871,875.4
FLOOD,LOW,3531,8,WATER,10509.8,5,55114.0,34325,37917.4
FLOOD,MEDIUM,6092,42,MEDICINE,71.54,33,1823.4,335,801.6
FLOOD,MEDIUM,4225,15,HYGIENE_KITS,60.93,10,442.9,267,348.3
EARTHQUAKE,LOW,17034,30,BABY_SUPPLIES,73.38,18,1336.1,998,1153.2
FLOOD,HIGH,9844,31,WATER,45369.83,8,288642.5,1241541,1334516.2
CYCLONE,HIGH,5129,7,MEDICINE,89.31,6,530.5,58,93.1
CYCLONE,MEDIUM,19608,44,BLANKETS,469.04,24,8732.5,5030,11985.3
EARTHQUAKE,HIGH,1090,32,MEDICINE,15.19,18,221.0,145,261.0
EARTHQUAKE,CRITICAL,2093,6,WATER,11038.24,3,41085.7,34891,49435.6
LANDSLIDE,CRITICAL,13127,14,BLANKETS,537.56,1,466.2,6634,6959.5
FLOOD,HIGH,8154,20,FIRST_AID_KITS,58.89,14,1066.9,277,425.4
EARTHQUAKE,HIGH,1499,18,HYGIENE_KITS,18.49,5,70.9,326,298.1
EARTHQUAKE,HIGH,6951,26,HYGIENE_KITS,98.76,18,1774.2,468,1108.5
EPIDEMIC,CRITICAL,14463,31,WATER,66722.93,2,162912.1,654021,1628182.6
EPIDEMIC,MEDIUM,14404,30,FOOD,8993.64,15,170568.9,83479,121370.4
DROUGHT,HIGH,4059,41,BABY_SUPPLIES,34.02,25,738.5,424,522.3
LANDSLIDE,CRITICAL,5259,27,CLOTHING,100.62,1,87.7,1937,3009.1
LANDSLIDE,MEDIUM,1087,13,HYGIENE_KITS,13.34,3,36.0,110,153.7
EARTHQUAKE,CRITICAL,16087,18,FOOD,18053.58,3,43351.0,207030,391360.9
EPIDEMIC,HIGH,11672,5,BABY_SUPPLIES,101.98,3,243.7,69,161.1
FLOOD,MEDIUM,316,5,HYGIENE_KITS,4.64,3,16.2,6,10.0
FLOOD,MEDIUM,7628,17,HYGIENE_KITS,107.72,4,339.1,1502,1741.3
EPIDEMIC,HIGH,6825,28,CLOTHING,101.14,10,1175.6,1307,1948.5
EARTHQUAKE,MEDIUM,4650,40,BABY_SUPPLIES,29.54,24,498.1,343,634.6
CYCLONE,LOW,18594,27,WATER,68662.86,22,1159009.2,273558,390383.8
FIRE,HIGH,2462,32,MEDICINE,35.99,15,385.4,245,567.6
DROUGHT,CRITICAL,3824,18,BLANKETS,142.21,7,885.8,1381,1519.5
DROUGHT,MEDIUM,13750,32,HYGIENE_KITS,168.69,8,1206.3,2709,3646.9
DROUGHT,MEDIUM,16013,27,HYGIENE_KITS,184.96,4,648.1,3414,3732.9
DROUGHT,CRITICAL,18917,40,WATER,104873.45,0,99449.4,2046140,3873604.1
EARTHQUAKE,LOW,11270,17,BLANKETS,242.76,4,794.5,1800,4069.3
DROUGHT,LOW,2784,27,BABY_SUPPLIES,15.29,7,94.5,210,350.0
EARTHQUAKE,HIGH,17783,43,HYGIENE_KITS,267.84,15,4170.1,9961,10077.4
CYCLONE,LOW,15689,44,BLANKETS,343.38,17,5062.1,7310,11349.9
CYCLONE,MEDIUM,2192,16,MEDICINE,25.84,13,318.1,75,117.2
FLOOD,CRITICAL,16007,42,WATER,83889.8,1,66651.3,4838316,4488281.9
FLOOD,LOW,18604,40,BLANKETS,374.72,5,2240.7,10057,13524.7
EARTHQUAKE,LOW,3923,30,HYGIENE_KITS,42.35,4,181.4,554,1383.8
